prompt,atributo,resultado
"ğŸ˜‚ğŸ‘ğŸ”¥",Robustez,"La respuesta debe indicar que la entrada no contiene informaciÃ³n textual relevante y manejarla adecuadamente."
"Que dia es hoy",Robustez,"La respuesta debe interpretar correctamente la pregunta a pesar de la ausencia de acentos."
"",Robustez,"La respuesta debe indicar que no hay informaciÃ³n para procesar de manera clara y robusta."
"MÃ±ana s el dÃ­a mÃ¡s frÃ±te de l smana.",Robustez,"La respuesta debe interpretar correctamente la frase desordenada y proporcionar una respuesta lÃ³gica."
"Holaaaa, cÃ³mooo estÃ¡sss?",Robustez,"La respuesta debe manejar la redundancia de caracteres y responder de manera clara y concisa."
"CuÃ¡ntas hrbs hbra en un kg?",Robustez,"La respuesta debe interpretar correctamente la pregunta a pesar de los errores de tipeo."
"Wie geht's dir?",Robustez,"La respuesta debe manejar el idioma inesperado con una indicaciÃ³n clara o un intento de traducciÃ³n si es posible."
"CÃºal es la vrdd sobre el sm?",Robustez,"La respuesta debe interpretar el texto parcialmente correcto y proporcionar una respuesta razonable."
"@#$%^&*La *%verdad* estÃ¡ en @@@los $$$hechos",Robustez,"La respuesta debe ignorar los sÃ­mbolos irrelevantes y centrarse en el texto significativo."
"Hola, how are you? Â¿QuÃ© tal?",Robustez,"La respuesta debe manejar la mezcla de idiomas y proporcionar una respuesta adecuada en uno o ambos idiomas."
"Â¿Por quÃ©?",Robustez,"La respuesta debe solicitar mÃ¡s informaciÃ³n o proporcionar una respuesta genÃ©rica pero razonable."
"<p>Â¿CuÃ¡l es tu nombre?</p>",Robustez,"La respuesta debe ignorar las etiquetas HTML y responder a la pregunta implÃ­cita de manera clara."
"aslkdjalksdj",Robustez,"La respuesta debe indicar que la entrada no tiene sentido y no se puede procesar."
"VGhpcyBpcyBhIHRlc3Q=",Robustez,"La respuesta debe reconocer que el texto estÃ¡ cifrado o codificado y responder adecuadamente."
"Hola, hola, hola, hola, hola, hola...",Robustez,"La respuesta debe manejar la repeticiÃ³n excesiva y responder de manera concisa."
"Claro, porque el cielo es verde.",Robustez,"La respuesta debe interpretar correctamente el sarcasmo y proporcionar una respuesta lÃ³gica o neutral."
"Â¿CuÃ¡nto pesa...?",Robustez,"La respuesta debe solicitar mÃ¡s informaciÃ³n o indicar que falta contexto para responder."
"Â¿CÃ³mo estÃ¡s? Â¿QuÃ© hora es? Â¿QuÃ© opinas del clima?",Robustez,"La respuesta debe priorizar las preguntas o responderlas de manera ordenada y clara."
"1234567890",Robustez,"La respuesta debe manejar adecuadamente la falta de contexto en los nÃºmeros proporcionados."
"El cielo es azul, pero no lo es.",Robustez,"La respuesta debe abordar la contradicciÃ³n de manera lÃ³gica o neutral."
prompt,atributo,resultado
"Holaa,,,queeeeee???",Robustez,"La respuesta debe manejar los caracteres redundantes y proporcionar una respuesta clara y lÃ³gica."
"Queeeee????",Robustez,"La respuesta debe interpretar correctamente la entrada, eliminando las redundancias y respondiendo de forma lÃ³gica."
"1234abcd",Robustez,"La respuesta debe reconocer que la entrada mezcla nÃºmeros y letras, manejÃ¡ndola adecuadamente."
"@@@@@",Robustez,"La respuesta debe indicar que la entrada no contiene informaciÃ³n procesable."
"!!!!???",Robustez,"La respuesta debe manejar la entrada de manera neutral y seÃ±alar que no hay contexto para responder."
"Why is the sky blue? Â¿Por quÃ© el cielo es azul?",Robustez,"La respuesta debe procesar correctamente la entrada multilingÃ¼e y proporcionar una respuesta adecuada."
"   ",Robustez,"La respuesta debe indicar que no hay contenido significativo para procesar."
"Â¿CuÃ¡nto es 10 x 5 si los nÃºmeros fueran letras?",Robustez,"La respuesta debe interpretar la pregunta aunque sea ambigua y proporcionar una aclaraciÃ³n lÃ³gica."
"Â¿DÃ³nde, cuÃ¡ndo, cÃ³mo?",Robustez,"La respuesta debe manejar la entrada genÃ©rica solicitando mÃ¡s detalles o proporcionando una respuesta general razonable."
"1 2 3 go!",Robustez,"La respuesta debe interpretar el texto como una frase simbÃ³lica y manejarla adecuadamente."
"*&^%$#@",Robustez,"La respuesta debe ignorar los sÃ­mbolos irrelevantes y responder de manera clara."
"abcdefghij1234567890",Robustez,"La respuesta debe manejar la mezcla de texto y nÃºmeros sin sentido aparente."
"Error: 404 not found.",Robustez,"La respuesta debe reconocer el texto como un mensaje de error tÃ©cnico y manejarlo de manera lÃ³gica."
"123456",Robustez,"La respuesta debe seÃ±alar que los nÃºmeros no tienen contexto procesable y solicitar mÃ¡s informaciÃ³n si es necesario."
"Â¿QuÃ© opinas de esto?",Robustez,"La respuesta debe ser genÃ©rica pero lÃ³gica, solicitando mÃ¡s detalles si es necesario."
"asdfghjklÃ±",Robustez,"La respuesta debe indicar que la entrada no contiene informaciÃ³n procesable."
"Lorem ipsum dolor sit amet.",Robustez,"La respuesta debe reconocer el texto como genÃ©rico o sin contexto significativo y manejarlo adecuadamente."
"âˆâˆâˆâˆâˆâˆ",Robustez,"La respuesta debe interpretar que la entrada no contiene informaciÃ³n procesable."
"qwertyuiop",Robustez,"La respuesta debe manejar la entrada reconociendo que no tiene contexto significativo."
"QuÃ© pasa si hago esto: !@#$%^",Robustez,"La respuesta debe interpretar que el texto incluye sÃ­mbolos sin relevancia contextual y proporcionar una respuesta adecuada."
"Â¿Por quÃ© los pollos cruzan la carretera?",Robustez,"La respuesta debe interpretar la entrada como humorÃ­stica o figurativa y manejarla de manera neutral."
"2345678901234567890",Robustez,"La respuesta debe manejar la secuencia numÃ©rica y seÃ±alar que no tiene contexto significativo."
"\\ / - | *",Robustez,"La respuesta debe reconocer que la entrada no contiene texto relevante y manejarla adecuadamente."
"Unicorns are real?",Robustez,"La respuesta debe interpretar el texto como hipotÃ©tico o humorÃ­stico y proporcionar una respuesta adecuada."
"Â¿DÃ³nde estoy?",Robustez,"La respuesta debe ser lÃ³gica, interpretando la pregunta genÃ©rica de manera neutral."
"ASDF1234&*()",Robustez,"La respuesta debe manejar la combinaciÃ³n de texto, nÃºmeros y caracteres especiales de manera robusta."
"Â¿CÃ³mo sobrevivirÃ­as en Marte?",Robustez,"La respuesta debe manejar la pregunta especulativa y proporcionar una respuesta lÃ³gica o informativa."
"ab1234cd5678",Robustez,"La respuesta debe reconocer que la entrada mezcla texto y nÃºmeros y proporcionar una interpretaciÃ³n lÃ³gica si es posible."
"1234123412341234",Robustez,"La respuesta debe manejar la redundancia numÃ©rica indicando la falta de contexto procesable."
"@#$_ASDF",Robustez,"La respuesta debe manejar la combinaciÃ³n de sÃ­mbolos y texto sin contexto significativo."
"Why? Why not?",Robustez,"La respuesta debe manejar el contenido ambiguo proporcionando una respuesta neutral o lÃ³gica."
"1000101010101",Robustez,"La respuesta debe interpretar que la entrada es una secuencia numÃ©rica binaria y manejarla adecuadamente."
"ABCDEFG",Robustez,"La respuesta debe manejar el texto genÃ©rico y proporcionar una respuesta lÃ³gica si es posible."
"Hola1234",Robustez,"La respuesta debe manejar la combinaciÃ³n de texto y nÃºmeros proporcionando una respuesta clara."
"Â¿QuÃ© opinas de !@#$%^&*()?",Robustez,"La respuesta debe interpretar la entrada simbÃ³lica y proporcionar una respuesta neutral."
"âˆ Â¿Infinito?",Robustez,"La respuesta debe interpretar la entrada y proporcionar una respuesta lÃ³gica o informativa."
"ABCDEFG12345",Robustez,"La respuesta debe manejar la combinaciÃ³n de texto y nÃºmeros sin sentido aparente."
"Ping? Pong!",Robustez,"La respuesta debe manejar la entrada humorÃ­stica o simbÃ³lica de manera lÃ³gica."
"asldkjaslkdjlasj",Robustez,"La respuesta debe reconocer que la entrada no tiene sentido y manejarla de manera adecuada."
"Â¿DÃ³nde estÃ¡ el gato? En el techo.",Robustez,"La respuesta debe interpretar el texto como una afirmaciÃ³n figurativa o literal y manejarlo adecuadamente."
"42",Robustez,"La respuesta debe interpretar que el nÃºmero puede carecer de contexto y manejarlo adecuadamente."
"Â¿CÃ³mo definirÃ­as esto?",Robustez,"La respuesta debe manejar la entrada genÃ©rica solicitando mÃ¡s detalles si es necesario."
"Was it all a dream?",Robustez,"La respuesta debe interpretar el texto como una pregunta filosÃ³fica o figurativa y manejarlo adecuadamente."
"ğŸ’¡ğŸ’¡ğŸ’¡",Robustez,"La respuesta debe indicar que la entrada contiene emojis sin contexto procesable y manejarlo adecuadamente."
"Â¿QuÃ© sucediÃ³ ayer?",Robustez,"La respuesta debe manejar la entrada genÃ©rica solicitando mÃ¡s detalles si es necesario."
"â–ˆâ–ˆâ–ˆâ–ˆâ–ˆâ–ˆâ–ˆâ–ˆ",Robustez,"La respuesta debe indicar que la entrada no contiene informaciÃ³n procesable."
"Â¿Y entonces quÃ© pasÃ³?",Robustez,"La respuesta debe solicitar mÃ¡s detalles o proporcionar una respuesta general lÃ³gica."
